{"cameraMode":{"drawMode":0,"name":"Shaded","section":"Shading Mode"},"sceneLighting":false,"audioPlay":false,"sceneViewState":{"m_AlwaysRefresh":false,"showFog":true,"showSkybox":false,"showFlares":true,"showImageEffects":true,"showParticleSystems":true,"showVisualEffectGraphs":true,"m_FxEnabled":true},"in2DMode":false,"pivot":{"x":-1.043081283569336e-7,"y":0.6799722909927368,"z":-2.9802322387695315e-8},"rotation":{"x":-0.07233845442533493,"y":0.9002019166946411,"z":-0.16409727931022645,"w":-0.3968328833580017},"size":0.6902830600738525,"orthographic":false}