{"cameraMode":{"drawMode":0,"name":"Shaded","section":"Shading Mode"},"sceneLighting":false,"audioPlay":false,"sceneViewState":{"m_AlwaysRefresh":false,"showFog":true,"showSkybox":false,"showFlares":true,"showImageEffects":true,"showParticleSystems":true,"showVisualEffectGraphs":true,"m_FxEnabled":true},"in2DMode":false,"pivot":{"x":-0.45456796884536745,"y":-0.010275028645992279,"z":-0.8476706743240356},"rotation":{"x":-0.08960209041833878,"y":-0.42582935094833376,"z":0.042418353259563449,"w":-0.8993614315986633},"size":0.4360310733318329,"orthographic":true}