{"cameraMode":{"drawMode":0,"name":"Shaded","section":"Shading Mode"},"sceneLighting":false,"audioPlay":false,"sceneViewState":{"m_AlwaysRefresh":false,"showFog":true,"showSkybox":false,"showFlares":true,"showImageEffects":true,"showParticleSystems":true,"showVisualEffectGraphs":true,"m_FxEnabled":true},"in2DMode":false,"pivot":{"x":-0.4590384066104889,"y":0.9000721573829651,"z":-0.10676784813404083},"rotation":{"x":-0.049791112542152408,"y":-0.6012489199638367,"z":0.037542447447776797,"w":-0.7966540455818176},"size":1.1695736646652222,"orthographic":true}