{"cameraMode":{"drawMode":0,"name":"Shaded","section":"Shading Mode"},"sceneLighting":false,"audioPlay":false,"sceneViewState":{"m_AlwaysRefresh":false,"showFog":true,"showSkybox":false,"showFlares":true,"showImageEffects":true,"showParticleSystems":true,"showVisualEffectGraphs":true,"m_FxEnabled":true},"in2DMode":false,"pivot":{"x":0.060230374336242679,"y":-0.09827733039855957,"z":0.13378942012786866},"rotation":{"x":-0.20384424924850465,"y":0.04551170766353607,"z":-0.009415358304977417,"w":-0.9779347777366638},"size":0.7329804301261902,"orthographic":true}