{"cameraMode":{"drawMode":0,"name":"Shaded","section":"Shading Mode"},"sceneLighting":false,"audioPlay":false,"sceneViewState":{"m_AlwaysRefresh":false,"showFog":true,"showSkybox":false,"showFlares":true,"showImageEffects":true,"showParticleSystems":true,"showVisualEffectGraphs":true,"m_FxEnabled":true},"in2DMode":false,"pivot":{"x":0.030115187168121339,"y":-0.049138665199279788,"z":0.06689471006393433},"rotation":{"x":-0.0932469516992569,"y":-0.15173153579235078,"z":0.014453609474003315,"w":-0.9839420914649963},"size":0.37912023067474368,"orthographic":true}