{"cameraMode":{"drawMode":0,"name":"Shaded","section":"Shading Mode"},"sceneLighting":false,"audioPlay":false,"sceneViewState":{"m_AlwaysRefresh":false,"showFog":true,"showSkybox":false,"showFlares":true,"showImageEffects":true,"showParticleSystems":true,"showVisualEffectGraphs":true,"m_FxEnabled":true},"in2DMode":false,"pivot":{"x":0.15036797523498536,"y":0.1528472900390625,"z":0.3571625351905823},"rotation":{"x":-0.28344908356666567,"y":-0.5832675099372864,"z":0.22757169604301454,"w":-0.7264536619186401},"size":0.7079111933708191,"orthographic":false}