{"cameraMode":{"drawMode":0,"name":"Shaded","section":"Shading Mode"},"sceneLighting":false,"audioPlay":false,"sceneViewState":{"m_AlwaysRefresh":false,"showFog":true,"showSkybox":false,"showFlares":true,"showImageEffects":true,"showParticleSystems":true,"showVisualEffectGraphs":true,"m_FxEnabled":true},"in2DMode":false,"pivot":{"x":0.6436558961868286,"y":-0.004430592060089111,"z":-0.3110792636871338},"rotation":{"x":0.008319145999848843,"y":0.9915840029716492,"z":-0.08530550450086594,"w":0.09759627282619477},"size":1.7320507764816285,"orthographic":false}