{"cameraMode":{"drawMode":0,"name":"Shaded","section":"Shading Mode"},"sceneLighting":false,"audioPlay":false,"sceneViewState":{"m_AlwaysRefresh":false,"showFog":true,"showSkybox":false,"showFlares":true,"showImageEffects":true,"showParticleSystems":true,"showVisualEffectGraphs":true,"m_FxEnabled":true},"in2DMode":false,"pivot":{"x":0.4656287431716919,"y":1.1778266429901124,"z":0.30890488624572756},"rotation":{"x":-0.052758123725652698,"y":0.9135317802429199,"z":-0.1257656067609787,"w":-0.3832226097583771},"size":1.110658884048462,"orthographic":false}